compound_sent,date,news_outlet,tweet,seconds ago
0.0,Mon Mar 26 04:09:22 +0000 2018,@nytimes,"RT @nytimes: President Trump won't be hiring 2 lawyers he named just days ago in the Mueller inquiry, indicating new upheaval on his legal‚Ä¶",61212
0.6114,Mon Mar 26 04:09:21 +0000 2018,@CNN,"@EaglesNation023 @CNN To a future officer ftom a ex officer,most of these young cops are trigger happy !Look at the‚Ä¶ https://t.co/azbvvvjgAW",61213
0.0,Mon Mar 26 04:09:21 +0000 2018,@CNN,RT @CNN: Officers muted body cameras in Stephon Clark shooting. Why? https://t.co/jK8eQpI6T9 https://t.co/e3oQDq4IWr,61213
-0.54,Mon Mar 26 04:09:20 +0000 2018,@nytimes,@nytimes @IvankaTrump Your dad is a fucking embarrassment. He got s thing for u too!,61214
-0.5574,Mon Mar 26 04:09:20 +0000 2018,@CNN,@CNN They need to be fired immediately.,61214
-0.873,Mon Mar 26 04:09:19 +0000 2018,@FoxNews,@FoxNews @KyleKashuv I think the government entities that FAILED to protect these kids are guilty of murder and sho‚Ä¶ https://t.co/n3yCxOz3my,61215
0.0,Mon Mar 26 04:09:19 +0000 2018,@CNN,RT @RealCandaceO: Anderson Cooper really spent 60 minutes with a porn star discussing whether or not she had consensual sex 15 years ago an‚Ä¶,61215
0.0,Mon Mar 26 04:09:18 +0000 2018,@FoxNews,@FoxNews Bankruptcy does not mean out of business.,61216
-0.8388,Mon Mar 26 04:09:18 +0000 2018,@CNN,@EaglesNation023 @CNN 20 times though!!!!!!!  Foh hell no!,61216
0.0,Mon Mar 26 04:09:18 +0000 2018,@BBCWorld,RT @BBCWorld: Liberia - the country where citizenship depends on your skin colour https://t.co/J00QpfZ8lV,61216
0.3612,Mon Mar 26 04:09:17 +0000 2018,@CBSNews,@Chris24405745 @CBSNews Lmao you're a trump supporter my bad ‚úåüèæ‚úåüèæ‚úåüèæ‚úåüèæ enough said,61217
0.0258,Mon Mar 26 04:09:17 +0000 2018,@CNN,"RT @CNN: At the March for Our Lives rally in Washington, Florida school survivor Emma Gonzalez weeps quietly for the majority of her speech‚Ä¶",61217
0.4588,Mon Mar 26 04:09:17 +0000 2018,@FoxNews,"RT @OHenryHernandez: @FoxNews @DevinNunes https://t.co/HrTyFojNvF

[[[ Fox News‚Äò Favorite Trump lapdog, Comrade Devin Nunes, gets hit with‚Ä¶",61217
0.0,Mon Mar 26 04:09:16 +0000 2018,@FoxNews,@abenn343 @FoxNews Hey bra look at the media think this is own by Rupert Murdoch...same dude that owns Fox (Fake) N‚Ä¶ https://t.co/FSie1ooxFe,61218
-0.3412,Mon Mar 26 04:09:15 +0000 2018,@CNN,"RT @Ohio_Buckeye_US: @MrEdTrain @andersoncooper @60Minutes @CBSNews @CNN #StormyDaniels, said in @60Minutes ""not looking 4 fame or money"",‚Ä¶",61219
-0.3412,Mon Mar 26 04:09:15 +0000 2018,@CBSNews,"RT @Ohio_Buckeye_US: @MrEdTrain @andersoncooper @60Minutes @CBSNews @CNN #StormyDaniels, said in @60Minutes ""not looking 4 fame or money"",‚Ä¶",61219
-0.1531,Mon Mar 26 04:09:15 +0000 2018,@FoxNews,"RT @FoxNews: .@DevinNunes: ""We also found no collusion between the Trump campaign but we did find links between the Clinton [campaign] and‚Ä¶",61219
0.296,Mon Mar 26 04:09:14 +0000 2018,@nytimes,"RT @MattsOurSemite: The Overton Window on race realism is moving fast. In the last 48 hours:

1. @nytimes admits that races have measurable‚Ä¶",61220
0.0,Mon Mar 26 04:09:13 +0000 2018,@FoxNews,@robo26hobo @PotempaKelly @Barbara78576237 @FoxNews @cameron_kasky Anything?  That's the kind of thinking that lead‚Ä¶ https://t.co/kNmZnpza64,61221
-0.5106,Mon Mar 26 04:09:13 +0000 2018,@FoxNews,@Jaynewalkup1 @FoxNews @FoxNewsSunday @newtgingrich It'd sure as hell be more realistic,61221
0.0,Mon Mar 26 04:09:13 +0000 2018,@BBCWorld,@qamarhasan50 @BBCWorld Sometimes we need military Dictatorship .when you have islamist as the other option,61221
-0.5118,Mon Mar 26 04:09:13 +0000 2018,@FoxNews,@FoxNews @DevinNunes üòÇüòÇüòÇ Can we throw this little shit in jail already?,61221
0.0,Mon Mar 26 04:09:11 +0000 2018,@CNN,@Jdub13406206 @buddy_faro @CNN Elaborate then,61223
-0.4767,Mon Mar 26 04:09:09 +0000 2018,@CNN,"@ColleenCashill @CNN @CNNOpinion ""You dotarders should be ashamed you voted for the porn-star screwer-in-chief, fak‚Ä¶ https://t.co/3TyROvpC9z",61225
-0.6486,Mon Mar 26 04:09:09 +0000 2018,@FoxNews,RT @FoxNews: Bodies of Iowa family found dead in Mexico to return to US this week https://t.co/TjC29v5yJr,61225
-0.1531,Mon Mar 26 04:09:08 +0000 2018,@FoxNews,"RT @FoxNews: .@DevinNunes: ""We also found no collusion between the Trump campaign but we did find links between the Clinton [campaign] and‚Ä¶",61226
-0.4019,Mon Mar 26 04:09:07 +0000 2018,@CNN,@CNN How long before someone on the fringe right blames Mexican immigrant?,61227
0.6249,Mon Mar 26 04:09:07 +0000 2018,@FoxNews,@BoriquaW @Blinke11 @JmyersMwoF @FoxNewsSunday @FoxNews @cameron_kasky That's great we SHOULD invest in mental heal‚Ä¶ https://t.co/1XQvyquSHk,61227
0.3182,Mon Mar 26 04:09:07 +0000 2018,@CBSNews,@ofccadjust @TheBrodyFile @CBSNews @realDonaldTrump It's just curious to me. I'm trying to comprehend how others th‚Ä¶ https://t.co/CsqhupwJgX,61227
-0.4019,Mon Mar 26 04:09:06 +0000 2018,@nytimes,@radiccent @nytimes Im a guy...dumbass....look...you go keep your firearms. If you lose more citizens to random sho‚Ä¶ https://t.co/JlcziED9Dv,61228
-0.0258,Mon Mar 26 04:09:06 +0000 2018,@nytimes,@nytimes Well tell India and China to stop littering.,61228
0.8402,Mon Mar 26 04:09:05 +0000 2018,@CNN,"RT @CNN: ""If keeping our children's safe was truly Trump's 'top priority,' why did he play golf instead of attend the March for Our Lives?""‚Ä¶",61229
0.0,Mon Mar 26 04:09:05 +0000 2018,@FoxNews,@RikiTikiTorrre @duke_heston @realDonaldTrump @FoxNews Not so! Trump wanted 25 billion for Wall after stating it wo‚Ä¶ https://t.co/qUDEbmOFCF,61229
-0.34,Mon Mar 26 04:09:04 +0000 2018,@CNN,"RT @CNN: Remington, the venerable gun maker, has filed for bankruptcy https://t.co/IMYTJCN7Lj https://t.co/lPb4pDFRAP",61230
-0.2023,Mon Mar 26 04:09:04 +0000 2018,@FoxNews,RT @FoxNews: Congress passes tax cuts and some gun safety measures; enough for 2018 voters? https://t.co/vOpBULJDLG,61230
0.0,Mon Mar 26 04:09:04 +0000 2018,@CNN,"RT @CNN: Skiers and snowboarders were met with orange-tinted snow in Sochi, Russia, this weekend. https://t.co/ElBoFzVt4A https://t.co/MPmp‚Ä¶",61230
-0.34,Mon Mar 26 04:09:04 +0000 2018,@CNN,"RT @CNN: Remington, the venerable gun maker, has filed for bankruptcy https://t.co/IMYTJCN7Lj https://t.co/lPb4pDFRAP",61230
0.0,Mon Mar 26 04:09:04 +0000 2018,@CNN,@trac123 @CNN She's an American. She has as much a right to be here and to be heard as you or anyone else does.,61230
0.6249,Mon Mar 26 04:09:04 +0000 2018,@nytimes,"RT @nytimes: Floating between California and Hawaii, the ""Great Pacific Garbage Patch"" is up to 16 times bigger than previously thought and‚Ä¶",61230
0.3036,Mon Mar 26 04:09:03 +0000 2018,@CBSNews,"RT @CBSNews: In his Palm Sunday address, Pope Francis encourages youth to ""shout"" and not allow older generations to silence them after stu‚Ä¶",61231
0.0,Mon Mar 26 04:09:03 +0000 2018,@nytimes,RT @JamesOKeefeIII: Mashup of @Project_Veritas doorstopping @nytimes and Channel 4 doorstopping @CamAnalytica. https://t.co/TOzURDW7Az,61231
0.0,Mon Mar 26 04:09:02 +0000 2018,@FoxNews,@FoxNews  https://t.co/3whse47OXi,61232
0.0,Mon Mar 26 04:09:01 +0000 2018,@CNN,RT @RealCandaceO: Anderson Cooper really spent 60 minutes with a porn star discussing whether or not she had consensual sex 15 years ago an‚Ä¶,61233
0.0,Mon Mar 26 04:09:01 +0000 2018,@CNN,@CNN @CNNOpinion  https://t.co/Im0MxCL4ng,61233
-0.296,Mon Mar 26 04:09:01 +0000 2018,@FoxNews,"@KelseyFryer1 @FoxNews Yep, that would be your Prez ... a big ol‚Äô loser",61233
0.0,Mon Mar 26 04:09:01 +0000 2018,@BBCWorld,RT @BBCWorld: A @Qantas airliner makes history completing the first non-stop flight between Australia and the UK https://t.co/nKhWNcrZKK,61233
-0.34,Mon Mar 26 04:09:01 +0000 2018,@nytimes,RT @nytimes: Video: These were the Las Vegas gunman's final movements in the days before he opened fire from his hotel suite https://t.co/r‚Ä¶,61233
-0.3875,Mon Mar 26 04:09:00 +0000 2018,@CNN,RT @CNN: Stormy Daniels' interview holds a mirror up to Trump and the picture isn't pretty | Michael D'Antonio writes for @CNNOpinion https‚Ä¶,61234
0.5719,Mon Mar 26 04:09:00 +0000 2018,@CNN,"RT @vidyamishra943: Honorable India is a country where even today the #para_teachers are forced to commit #suicide, did Gandhiji dream of b‚Ä¶",61234
0.296,Mon Mar 26 04:08:58 +0000 2018,@FoxNews,@FoxNews @kimguilfoyle @AmbJohnBolton @NextRevFNC Yeah lets put a guy in that wanted to invade Iraq.,61236
0.0,Mon Mar 26 04:08:58 +0000 2018,@CNN,@beekiiiiii @buddy_faro @CNN You are the one with excuses and a closed mind,61236
0.0,Mon Mar 26 04:08:57 +0000 2018,@FoxNews,@FoxNews @DevinNunes REPLACE NUNES,61237
-0.296,Mon Mar 26 04:08:56 +0000 2018,@CBSNews,@60Minutes @CBSNews Pinche vieja no tiene verg√ºenza,61238
0.3612,Mon Mar 26 04:08:56 +0000 2018,@CNN,"RT @TheDailyEdge: Rick Santorum's Greatest Hits:

Gay soldiers cause problems because showers

Gay marriage will lead to bestiality

Aborti‚Ä¶",61238
0.0,Mon Mar 26 04:08:54 +0000 2018,@FoxNews,@RalphJo00780353 @FoxNews You know nothing about how congess works if you believe what you just said.,61240
0.0,Mon Mar 26 04:08:54 +0000 2018,@CNN,@CarticulusMedia @RealCandaceO @VetApologist @CNN The issue is credibility - for which the score is: SD-ZERO!,61240
-0.4939,Mon Mar 26 04:08:53 +0000 2018,@nytimes,@nytimes We are screwed. ‚òπÔ∏è,61241
0.0,Mon Mar 26 04:08:52 +0000 2018,@CNN,RT @DeborahTCompton: @60Minutes @CNN did you notice her eyes before you interviewed her? https://t.co/wAMxpL2jgg,61242
0.0,Mon Mar 26 04:08:52 +0000 2018,@nytimes,"@nytimes Ya knw wht? Even if @JaySekulow WAS @realDonaldTrump @POTUS‚Äô only lawyer, which he isn‚Äôt, @JaySekulow is M‚Ä¶ https://t.co/PHYDqhYD7w",61242
0.0,Mon Mar 26 04:08:52 +0000 2018,@FoxNews,@bFenstermacher @yakama717 @C44015654 @davidhogg111 @NRA @FoxNews So you don't know,61242
0.7184,Mon Mar 26 04:08:52 +0000 2018,@FoxNews,"RT @FoxNews: On @foxandfriends, @robertjeffress praised President @realDonaldTrump's relationship to people of faith. https://t.co/LqUPUW5q‚Ä¶",61242
0.6908,Mon Mar 26 04:08:51 +0000 2018,@FoxNews,@Roslyn222 @FoxNews @KillerMike @BernieSanders Aww that's nice you're a good mother now go away,61243
0.0,Mon Mar 26 04:08:51 +0000 2018,@CNN,RT @ChriSobieniak: US Army veteran who served two tours in Afghanistan has been deported to Mexico @CNN https://t.co/3vHzuXlrTj,61243
0.34,Mon Mar 26 04:08:50 +0000 2018,@FoxNews,"@JeffFromNH @country_flyover @FoxNews Comparing 2017 to 2016, when gun grabber Hillary was supposed to win is ridic‚Ä¶ https://t.co/2TN4Ar1yqT",61244
0.0,Mon Mar 26 04:08:49 +0000 2018,@CNN,@onedovealone @60Minutes @CNN She‚Äôs on something.,61245
-0.8126,Mon Mar 26 04:08:48 +0000 2018,@CBSNews,@Chris24405745 @CBSNews They're stupid because they saw ppl get murdered in front of them? Wow who sounds stupid here,61246
0.0,Mon Mar 26 04:08:48 +0000 2018,@CNN,"RT @JamesHasson20: CBS reported the estimated crowd size was just over 200,000. That‚Äôs about half the size of an average March For Life. Bu‚Ä¶",61246
0.5719,Mon Mar 26 04:08:47 +0000 2018,@FoxNews,"@CarruthDeberah @FoxNews Yes, forget trying to make the world a better place. This piece of paper says you can neve‚Ä¶ https://t.co/SKsH7uukEl",61247
0.6068,Mon Mar 26 04:08:47 +0000 2018,@FoxNews,RT @FoxNews: Fox News Poll: Which is more important to protect? https://t.co/GBFEtQnnmL https://t.co/XMdGrCsv0m,61247
0.0,Mon Mar 26 04:08:47 +0000 2018,@nytimes,@nytimes Sending thoughts and prayers,61247
-0.3595,Mon Mar 26 04:08:47 +0000 2018,@FoxNews,@FoxNews No!,61247
0.3181,Mon Mar 26 04:08:46 +0000 2018,@FoxNews,"@ginawhite1968 @fastbrad24b @BusesForTruth @FoxNews @FoxNewsSunday @newtgingrich Oh, so they can't shoot someone wh‚Ä¶ https://t.co/rmpXW8VgCy",61248
0.0,Mon Mar 26 04:08:46 +0000 2018,@CNN,RT @RealCandaceO: Anderson Cooper really spent 60 minutes with a porn star discussing whether or not she had consensual sex 15 years ago an‚Ä¶,61248
-0.1531,Mon Mar 26 04:08:45 +0000 2018,@FoxNews,"RT @FoxNews: .@DevinNunes: ""We also found no collusion between the Trump campaign but we did find links between the Clinton [campaign] and‚Ä¶",61249
0.0,Mon Mar 26 04:08:45 +0000 2018,@nytimes,"@nytimes @AdamGorightly I am going to move to the Garbage Patch, start a family, and have some Garbage Patch Kids.",61249
0.6124,Mon Mar 26 04:08:45 +0000 2018,@CNN,"@marcorubio @CNN The Bible tells us repeatedly how all children are a gift from God. Every single life, every singl‚Ä¶ https://t.co/pKTFpAqctQ",61249
-0.1531,Mon Mar 26 04:08:45 +0000 2018,@FoxNews,"RT @FoxNews: .@DevinNunes: ""We also found no collusion between the Trump campaign but we did find links between the Clinton [campaign] and‚Ä¶",61249
0.8316,Mon Mar 26 04:08:44 +0000 2018,@CBSNews,@CBSNews Haha you all laugh as this is a joke. This is the resort that you‚Äôre left with when guns are ‚Äúcontrolled‚Äù.‚Ä¶ https://t.co/DNYAdxvkCg,61250
-0.34,Mon Mar 26 04:08:44 +0000 2018,@nytimes,"RT @nytimes: Remington, Centuries-Old Gun Maker, Files for Bankruptcy as Sales Slow https://t.co/5TYhvJKmNc",61250
0.6249,Mon Mar 26 04:08:44 +0000 2018,@nytimes,"RT @nytimes: Floating between California and Hawaii, the ""Great Pacific Garbage Patch"" is up to 16 times bigger than previously thought and‚Ä¶",61250
0.0,Mon Mar 26 04:08:43 +0000 2018,@CNN,RT @RealCandaceO: Anderson Cooper really spent 60 minutes with a porn star discussing whether or not she had consensual sex 15 years ago an‚Ä¶,61251
-0.7466,Mon Mar 26 04:08:40 +0000 2018,@CBSNews,@JerryDRoth @CBSNews You‚Äôre still mad the warriors picked him in 09 and not the knicks lmao,61254
0.6249,Mon Mar 26 04:08:40 +0000 2018,@nytimes,"RT @nytimes: Floating between California and Hawaii, the ""Great Pacific Garbage Patch"" is up to 16 times bigger than previously thought and‚Ä¶",61254
0.0,Mon Mar 26 04:08:39 +0000 2018,@CNN,RT @CNN: Officers muted body cameras in Stephon Clark shooting. Why? https://t.co/jK8eQpI6T9 https://t.co/e3oQDq4IWr,61255
0.018,Mon Mar 26 04:08:39 +0000 2018,@CBSNews,"RT @CBSNews: ""America, I am pleading with you to realize this is not OK. We do not have to live like this,"" says Matthew Soto, whose sister‚Ä¶",61255
0.0,Mon Mar 26 04:08:38 +0000 2018,@CNN,RT @RealCandaceO: Anderson Cooper really spent 60 minutes with a porn star discussing whether or not she had consensual sex 15 years ago an‚Ä¶,61256
0.2023,Mon Mar 26 04:08:38 +0000 2018,@FoxNews,"RT @FoxNews: .@hogangidley45 on #MarchForOurLives: ""One of the significant victories in this omnibus package were two pieces of legislation‚Ä¶",61256
0.7781,Mon Mar 26 04:08:37 +0000 2018,@FoxNews,@BluewaveSanders @FoxNews LOL I wont be giving mine up i can assure you of that. I am safe already because i own gu‚Ä¶ https://t.co/84iaPaFzQZ,61257
0.0,Mon Mar 26 04:08:36 +0000 2018,@CNN,RT @tomgreenlive: US Army veteran who served two tours in Afghanistan has been deported to Mexico @CNN https://t.co/YirqjTkmIQ,61258
0.6633,Mon Mar 26 04:08:35 +0000 2018,@FoxNews,"@NMetcalf1982 @FoxBusiness @FoxNews @POTUS People in TX live in fear of decapitation, sounds like a good reason for‚Ä¶ https://t.co/H2L8SZ4RFa",61259
-0.9509,Mon Mar 26 04:08:35 +0000 2018,@CNN,"RT @FederalistSC: @AntleredAries @CNN Fact: U.K. street robberies soared 28% in 2001. Violent crime was up 11%, murders up 4%, and rapes we‚Ä¶",61259
-0.25,Mon Mar 26 04:08:35 +0000 2018,@nytimes,@nytimes @chicagotribune please chicago do not sting me anymore no matter how nobody anywhere in the world no satif‚Ä¶ https://t.co/tpEmibxwD6,61259
-0.5267,Mon Mar 26 04:08:34 +0000 2018,@FoxNews,@FoxNews @cameron_kasky It Amit no weapon get real.,61260
0.4404,Mon Mar 26 04:08:34 +0000 2018,@CNN,"@CNN In otherwords, they‚Äôre sticking it to Mike Pence. Good for FedEx.",61260
0.0,Mon Mar 26 04:08:31 +0000 2018,@CNN,RT @jillicaz: @CNN This breaks my heart. RIP Stephon Clark.,61263
-0.6486,Mon Mar 26 04:08:31 +0000 2018,@FoxNews,RT @FoxNews: Bodies of Iowa family found dead in Mexico to return to US this week https://t.co/TjC29v5yJr,61263
-0.1531,Mon Mar 26 04:08:31 +0000 2018,@FoxNews,"RT @FoxNews: .@DevinNunes: ""We also found no collusion between the Trump campaign but we did find links between the Clinton [campaign] and‚Ä¶",61263
-0.5574,Mon Mar 26 04:08:31 +0000 2018,@FoxNews,@DianeBlackTN @HARRISFAULKNER @FoxNews Why doesn't Congress #FullyFundIDEA? Parents are forced into lawsuits to pro‚Ä¶ https://t.co/RVwqHkLPAX,61263
-0.3412,Mon Mar 26 04:08:30 +0000 2018,@CNN,"RT @Ohio_Buckeye_US: @MrEdTrain @andersoncooper @60Minutes @CBSNews @CNN #StormyDaniels, said in @60Minutes ""not looking 4 fame or money"",‚Ä¶",61264
-0.3412,Mon Mar 26 04:08:30 +0000 2018,@CNN,"RT @Ohio_Buckeye_US: @MrEdTrain @andersoncooper @60Minutes @CBSNews @CNN #StormyDaniels, said in @60Minutes ""not looking 4 fame or money"",‚Ä¶",61264
-0.3412,Mon Mar 26 04:08:30 +0000 2018,@CBSNews,"RT @Ohio_Buckeye_US: @MrEdTrain @andersoncooper @60Minutes @CBSNews @CNN #StormyDaniels, said in @60Minutes ""not looking 4 fame or money"",‚Ä¶",61264
0.0,Mon Mar 26 04:08:29 +0000 2018,@FoxNews,@DouglasFAllen2 @realDonaldTrump @FoxNews Because there are real numbers. It wasn‚Äôt even close to the highest watch‚Ä¶ https://t.co/yQ1GtuTxsP,61265
0.0,Mon Mar 26 04:08:29 +0000 2018,@FoxNews,@DouglasFAllen2 @realDonaldTrump @FoxNews Because there are real numbers. It wasn‚Äôt even close to the highest watch‚Ä¶ https://t.co/yQ1GtuTxsP,61265
-0.4767,Mon Mar 26 04:08:28 +0000 2018,@FoxNews,@FoxNews Paul Ryan is a paid pawn &amp; tool for the Washington establishment. He represents all that is  wrong in Wash‚Ä¶ https://t.co/rPVXhxF9dc,61266
-0.5256,Mon Mar 26 04:08:28 +0000 2018,@CNN,@CNN So wrong.,61266
0.0,Mon Mar 26 04:08:28 +0000 2018,@CNN,RT @RealCandaceO: Anderson Cooper really spent 60 minutes with a porn star discussing whether or not she had consensual sex 15 years ago an‚Ä¶,61266
-0.5859,Mon Mar 26 04:08:27 +0000 2018,@CNN,"RT @pdog_ch: @CNN They knew from the beginning he didn‚Äôt have a gun, they know they never saw a gun. They was just assuming they would find‚Ä¶",61267
-0.5848,Mon Mar 26 04:08:26 +0000 2018,@FoxNews,@mauricioalejo @MachiFREEMAN @FoxNews People trying to do me harm!,61268
0.0,Mon Mar 26 04:08:26 +0000 2018,@FoxNews,"RT @FoxNews: .@hogangidley45 on omnibus bill: ""They weren't building new equipment under @BarackObama, they were rebuilding and fixing old‚Ä¶",61268
0.2732,Mon Mar 26 04:08:25 +0000 2018,@FoxNews,"@groovykat6 @PrincipalDelta @kylegriffin1 @InSpiteOfTrump @FoxNews Well, a discussion does not change facts. Its cl‚Ä¶ https://t.co/ixLLUh7ZGL",61269
0.0,Mon Mar 26 04:08:25 +0000 2018,@FoxNews,"@Confusedvoter1 @libertyorklepto @FoxNews @cameron_kasky @NBCNews (The ""his own phone survey"" data are not CDC data‚Ä¶ https://t.co/0VyyQOgQZP",61269
0.0,Mon Mar 26 04:08:24 +0000 2018,@FoxNews,"RT @FoxNews: 'I Went Through Hell': Former FBI Agent Says Andrew McCabe 'Targeted', 'Slandered' Her
https://t.co/Sf05PC158b",61270
0.0,Mon Mar 26 04:08:23 +0000 2018,@BBCWorld,"@HadramiDouani @BBCWorld On the contrary, Not only the world can not bring Yemen to its knees, With lifting of supp‚Ä¶ https://t.co/PqyKe6I4BN",61271
0.4019,Mon Mar 26 04:08:23 +0000 2018,@CNN,"RT @InnerSciencesUS: @CNN Current icons in the Democratic Party:

-David Hogg (17 year old)
-Hillary Clinton (professional loser)
-Jimmy Ki‚Ä¶",61271
-0.4939,Mon Mar 26 04:08:23 +0000 2018,@FoxNews,RT @KyleKashuv: .@davidhogg111 has a tendency to contradict himself and not know basic facts. He then confronts @FOXNews and yells at them‚Ä¶,61271
0.6249,Mon Mar 26 04:08:22 +0000 2018,@nytimes,"RT @nytimes: Floating between California and Hawaii, the ""Great Pacific Garbage Patch"" is up to 16 times bigger than previously thought and‚Ä¶",61272
0.0,Mon Mar 26 04:08:22 +0000 2018,@FoxNews,"@mhelal2 @coachbelliott @FoxNews You talking about Clinton, JFK, or FDR?",61272
0.0,Mon Mar 26 04:08:22 +0000 2018,@CNN,"RT @CovfefeLadyC: The question is.
When doesn't @AndersonCoooer @CNN not lie????

#FakeNews @CNN is the lyingist network on #MSM. https://t‚Ä¶",61272
0.4019,Mon Mar 26 04:08:22 +0000 2018,@CNN,"RT @InnerSciencesUS: @CNN Current icons in the Democratic Party:

-David Hogg (17 year old)
-Hillary Clinton (professional loser)
-Jimmy Ki‚Ä¶",61272
-0.34,Mon Mar 26 04:08:21 +0000 2018,@FoxNews,@KayaJones @WattersWorld @JesseBWatters @FoxNews Gun up Kaya ........honestly DID not know you were a former pussy‚Ä¶ https://t.co/Vh7isxnYwL,61273
0.5994,Mon Mar 26 04:08:21 +0000 2018,@CNN,"@CNN @RickSantorum Do you know how big an asshole you are, trying to put down these magnificent children?",61273
0.6249,Mon Mar 26 04:08:20 +0000 2018,@nytimes,"RT @nytimes: Floating between California and Hawaii, the ""Great Pacific Garbage Patch"" is up to 16 times bigger than previously thought and‚Ä¶",61274
0.0,Mon Mar 26 04:08:20 +0000 2018,@CBSNews,"RT @BettyBowers: Stormy Daniels to @CBSNews: ""I really don't need sixty minutes to talk about something that didn't last one."" #StormyDanie‚Ä¶",61274
0.0,Mon Mar 26 04:08:20 +0000 2018,@CBSNews,"RT @BettyBowers: Stormy Daniels to @CBSNews: ""I really don't need sixty minutes to talk about something that didn't last one."" #StormyDanie‚Ä¶",61274
0.0,Mon Mar 26 04:08:19 +0000 2018,@BBCWorld,@BBCWorld Fucking discussing.,61275
-0.6229,Mon Mar 26 04:08:19 +0000 2018,@CNN,@CNN @CNNOpinion She is 39? Get the fuck out! I thought  she was 50ish!,61275
-0.4939,Mon Mar 26 04:08:17 +0000 2018,@nytimes,RT @nytimes: Adult Film Star Says She Stayed Silent on Trump Out of Fear https://t.co/SoHTBxJuza,61277
0.0,Mon Mar 26 04:08:17 +0000 2018,@CNN,RT @OpTheResistance: @eloisapiloto @torrellasscott @pamelaval @fedxjetmech @USNJack @RightWingAngel @RedNationRising @RealMattCouch @hockyw‚Ä¶,61277
-0.4753,Mon Mar 26 04:08:12 +0000 2018,@CNN,@Jdub13406206 @buddy_faro @CNN to excuses? excuses waste time. time is a thing you never get back!,61282
-0.34,Mon Mar 26 04:08:12 +0000 2018,@CNN,"RT @CNN: Remington, the venerable gun maker, has filed for bankruptcy https://t.co/IMYTJCN7Lj https://t.co/lPb4pDFRAP",61282
-0.4404,Mon Mar 26 04:08:12 +0000 2018,@CNN,@jefftiedrich @tryinntryin Hey @CNNPolitics @CNN is there any reason you bring on @RickSantorum other than to annoy your viewers?,61282
-0.34,Mon Mar 26 04:08:11 +0000 2018,@nytimes,"RT @nytimes: ""We‚Äôre going to be the generation that takes down the gun lobby."" https://t.co/rn5c6E4iCH",61283
-0.3612,Mon Mar 26 04:08:11 +0000 2018,@CNN,@CNN Why do you constantly have these people on?  He‚Äôs ridiculous,61283
0.4404,Mon Mar 26 04:08:09 +0000 2018,@nytimes,"RT @nytimes: To many in Washington, Stephanie Clifford, better known as Stormy Daniels, has become an unexpected force. It is she, some now‚Ä¶",61285
0.4404,Mon Mar 26 04:08:09 +0000 2018,@nytimes,"RT @nytimes: To many in Washington, Stephanie Clifford, better known as Stormy Daniels, has become an unexpected force. It is she, some now‚Ä¶",61285
-0.6072,Mon Mar 26 04:08:07 +0000 2018,@CNN,@CNN @CNNOpinion Hey Anderson. Who did you bang 12 years ago? Two adults having consensual sex? Nobody gives a shit,61287
-0.2621,Mon Mar 26 04:08:06 +0000 2018,@CBSNews,@CBSNews @nowayhescrazy This is what teens look like in Alabama? Bloody hell..?!,61288
-0.7762,Mon Mar 26 04:08:05 +0000 2018,@CNN,@KerrsCL4PTP @CNN crooked cops need to be locked the hell up period that's why!!!!!!!!!,61289
0.6249,Mon Mar 26 04:08:05 +0000 2018,@nytimes,"RT @nytimes: Floating between California and Hawaii, the ""Great Pacific Garbage Patch"" is up to 16 times bigger than previously thought and‚Ä¶",61289
0.3612,Mon Mar 26 04:08:04 +0000 2018,@CNN,@DanteEsposito @MarkDice @dcwidney @CNN @CNNOpinion Doesn‚Äôt look like it at all.,61290
0.6249,Mon Mar 26 04:08:04 +0000 2018,@nytimes,"RT @nytimes: Floating between California and Hawaii, the ""Great Pacific Garbage Patch"" is up to 16 times bigger than previously thought and‚Ä¶",61290
0.7906,Mon Mar 26 04:08:01 +0000 2018,@nytimes,"@nytimes GREAT PRESIDENT, Maybe Mueller will HIRE THEM!!!!!!!!!!!!!!!!!!!!!!!!!!!!!!!!!!!!!1",61293
-0.7845,Mon Mar 26 04:08:00 +0000 2018,@CNN,"RT @robotterror: Given the impact of Fake News on our society, can we NOT have Tech companies and Tech journals publish bullshit April Fool‚Ä¶",61294
0.0,Mon Mar 26 04:08:00 +0000 2018,@CNN,"@CNN Why is this happening a lot lately to tourists? Not only Mexico, other South American tourist destinations??!?!",61294
0.25,Mon Mar 26 04:08:00 +0000 2018,@CNN,"@NPR Trumps like to cheat on wives who just gave birth, with women who look like daughter/sister @IvankaTrump and G‚Ä¶ https://t.co/9TPMyamfkS",61294
0.25,Mon Mar 26 04:08:00 +0000 2018,@CBSNews,"@NPR Trumps like to cheat on wives who just gave birth, with women who look like daughter/sister @IvankaTrump and G‚Ä¶ https://t.co/9TPMyamfkS",61294
-0.7845,Mon Mar 26 04:08:00 +0000 2018,@nytimes,"RT @robotterror: Given the impact of Fake News on our society, can we NOT have Tech companies and Tech journals publish bullshit April Fool‚Ä¶",61294
0.0,Mon Mar 26 04:07:59 +0000 2018,@CNN,RT @RealCandaceO: Anderson Cooper really spent 60 minutes with a porn star discussing whether or not she had consensual sex 15 years ago an‚Ä¶,61295
0.0,Mon Mar 26 04:07:59 +0000 2018,@nytimes,@bhanderson91 @nytimes Oh I know...it still begs the question....why?,61295
0.0,Mon Mar 26 04:07:57 +0000 2018,@CBSNews,@realKupajo322 @CBSNews What do you do to stand up for single mothers? How do you advocate change? Who do you mento‚Ä¶ https://t.co/8bxfKxPR1P,61297
0.0,Mon Mar 26 04:07:55 +0000 2018,@BBCWorld,RT @ArvindK49852923: #‡§∂‡§ø‡§ï‡•ç‡§∑‡§æ‡§Æ‡§ø‡§§‡•ç‡§∞#‡§Æ‡§ø‡§°‡§ø‡§Ø‡§æ ‡§∏‡•á ‡§®‡§ø‡§µ‡•á‡§¶‡§® ‡§π‡•à ‡§ï‡§ø ‡§â‡§§‡•ç‡§§‡§∞‡§™‡•ç‡§∞‡§¶‡•á‡§∂ ‡§ï‡•á ‡§ú‡§ø‡§Æ‡•ç‡§Æ‡•á‡§¶‡§æ‡§∞ ‡§Ö‡§´‡§∏‡§∞ ‡§Ø‡§æ ‡§∞‡§æ‡§ú‡§®‡•á‡§§‡§æ ‡§Ø‡§æ ‡§ï‡§ø‡§∏‡•Ä ‡§¨‡•Å‡§¶‡•ç‡§ß‡§ø‡§ú‡•Ä‡§µ‡•Ä ‡§∏‡•á ‡§Ø‡•á ‡§™‡§§‡§æ ‡§ï‡§∞‡•á ‡§ï‡§ø rte ‡§è‚Ä¶,61299
0.6249,Mon Mar 26 04:07:55 +0000 2018,@nytimes,"RT @nytimes: Floating between California and Hawaii, the ""Great Pacific Garbage Patch"" is up to 16 times bigger than previously thought and‚Ä¶",61299
-0.6705,Mon Mar 26 04:07:50 +0000 2018,@CBSNews,"RT @CBSNews: Stoneman Douglas student @Emma4Change reads the names of her fellow Parkland students who were killed in the Feb. 14 shooting,‚Ä¶",61304
0.6249,Mon Mar 26 04:07:50 +0000 2018,@nytimes,"RT @nytimes: Floating between California and Hawaii, the ""Great Pacific Garbage Patch"" is up to 16 times bigger than previously thought and‚Ä¶",61304
0.0,Mon Mar 26 04:07:48 +0000 2018,@nytimes,"@nytimes All the Gold in the Museum of Oro in Bogota is Gods gold from his temples, yall Humans stole from Our Crea‚Ä¶ https://t.co/TjZ6CIj4Ka",61306
0.0,Mon Mar 26 04:07:48 +0000 2018,@nytimes,"@nytimes All the Gold in the Museum of Oro in Bogota is Gods gold from his temples, yall Humans stole from Our Crea‚Ä¶ https://t.co/TjZ6CIj4Ka",61306
0.0,Mon Mar 26 04:07:47 +0000 2018,@nytimes,"@amford789 @nytimes Read the article, bud",61307
0.0,Mon Mar 26 04:07:44 +0000 2018,@nytimes,@nytimes But we‚Äôre not fucking up the planet.,61310
0.4215,Mon Mar 26 04:07:43 +0000 2018,@CBSNews,@CBSNews Wouldn‚Äôt it be easier to sail around the world?,61311
0.6249,Mon Mar 26 04:07:43 +0000 2018,@nytimes,"RT @nytimes: Floating between California and Hawaii, the ""Great Pacific Garbage Patch"" is up to 16 times bigger than previously thought and‚Ä¶",61311
0.0,Mon Mar 26 04:07:42 +0000 2018,@CBSNews,@b0b0n0n0 @CBSNews üòÇüòÇ Then teachers need to be armed with scissors,61312
0.3612,Mon Mar 26 04:07:41 +0000 2018,@BBCWorld,@sanaycto @BBCWorld Allah is Ever Greater,61313
0.4939,Mon Mar 26 04:07:40 +0000 2018,@CBSNews,"BREAKING NEWS -Stormy Daniels reveals she had sex with Trump https://t.co/kYxg4oVUvj via @MailOnline 
Would care fo‚Ä¶ https://t.co/RtP0qPe2GV",61314
0.6249,Mon Mar 26 04:07:37 +0000 2018,@nytimes,"RT @nytimes: Floating between California and Hawaii, the ""Great Pacific Garbage Patch"" is up to 16 times bigger than previously thought and‚Ä¶",61317
-0.6543,Mon Mar 26 04:07:34 +0000 2018,@nytimes,@suzzanne86 @nytimes @IvankaTrump @IvankaTrump aren't you just so ashamed of your father??  I am....,61320
0.6249,Mon Mar 26 04:07:34 +0000 2018,@nytimes,"RT @nytimes: Floating between California and Hawaii, the ""Great Pacific Garbage Patch"" is up to 16 times bigger than previously thought and‚Ä¶",61320
-0.4019,Mon Mar 26 04:07:33 +0000 2018,@CBSNews,"RT @CBSNews: A man named ""Mad Mike"" Hughes launched himself in a self-made rocket 1,875 feet above the desert to try and prove his theory t‚Ä¶",61321
-0.7579,Mon Mar 26 04:07:30 +0000 2018,@nytimes,"RT @nytimes: ""Chicago has been plagued with gun violence way before the Parkland shooting. Suddenly, people are talking about students not‚Ä¶",61324
0.7003,Mon Mar 26 04:07:29 +0000 2018,@nytimes,RT @FabianPfeffer: One of the main findings of my latest paper - the rapid growth of the wealth gap in college attainment - is covered in a‚Ä¶,61325
-0.4019,Mon Mar 26 04:07:29 +0000 2018,@CBSNews,"RT @CBSNews: A man named ""Mad Mike"" Hughes launched himself in a self-made rocket 1,875 feet above the desert to try and prove his theory t‚Ä¶",61325
0.0,Mon Mar 26 04:07:29 +0000 2018,@BBCWorld,RT @BBCWorld: A @Qantas airliner makes history completing the first non-stop flight between Australia and the UK https://t.co/nKhWNcrZKK,61325
0.508,Mon Mar 26 04:07:27 +0000 2018,@BBCWorld,"@BBCWorld A one party, one man against nothing is called an election? You should call it for what it is. A sham!!",61327
0.6249,Mon Mar 26 04:07:18 +0000 2018,@nytimes,"RT @nytimes: Floating between California and Hawaii, the ""Great Pacific Garbage Patch"" is up to 16 times bigger than previously thought and‚Ä¶",61336
0.6249,Mon Mar 26 04:07:16 +0000 2018,@nytimes,"RT @nytimes: Floating between California and Hawaii, the ""Great Pacific Garbage Patch"" is up to 16 times bigger than previously thought and‚Ä¶",61338
0.0,Mon Mar 26 04:07:15 +0000 2018,@nytimes,RT @ErinPalinski: Probiotics and Fish Oil During Pregnancy May Curb Allergies in Kids @nytimes https://t.co/aiRzHSeyvm,61339
0.0,Mon Mar 26 04:07:09 +0000 2018,@BBCWorld,"@BBCWorld ""Much ado about nothing.""",61345
0.0,Mon Mar 26 04:07:08 +0000 2018,@CBSNews,@CBSNews Speechless,61346
0.6249,Mon Mar 26 04:07:05 +0000 2018,@nytimes,"RT @nytimes: Floating between California and Hawaii, the ""Great Pacific Garbage Patch"" is up to 16 times bigger than previously thought and‚Ä¶",61349
0.6249,Mon Mar 26 04:07:05 +0000 2018,@nytimes,"RT @nytimes: Floating between California and Hawaii, the ""Great Pacific Garbage Patch"" is up to 16 times bigger than previously thought and‚Ä¶",61349
0.6786,Mon Mar 26 04:07:03 +0000 2018,@nytimes,@nytimes This absolutely needs more publicity. Thank you for sharing.,61351
0.0,Mon Mar 26 04:07:03 +0000 2018,@nytimes,"RT @USTravel: What's new this spring at our #airports? New apps, biometric boarding and more via @nytimes. https://t.co/BPMUpGMc3y",61351
0.6249,Mon Mar 26 04:07:01 +0000 2018,@nytimes,"RT @nytimes: Floating between California and Hawaii, the ""Great Pacific Garbage Patch"" is up to 16 times bigger than previously thought and‚Ä¶",61353
0.6249,Mon Mar 26 04:06:58 +0000 2018,@nytimes,"RT @nytimes: Floating between California and Hawaii, the ""Great Pacific Garbage Patch"" is up to 16 times bigger than previously thought and‚Ä¶",61356
0.0,Mon Mar 26 04:06:57 +0000 2018,@nytimes,RT @therealstellene: Review: An ‚ÄòAngels in America‚Äô That Soars on the Breath of Life via @NYTimes https://t.co/3IzhInlHtH,61357
0.6249,Mon Mar 26 04:06:55 +0000 2018,@nytimes,"RT @nytimes: Floating between California and Hawaii, the ""Great Pacific Garbage Patch"" is up to 16 times bigger than previously thought and‚Ä¶",61359
0.0,Mon Mar 26 04:06:55 +0000 2018,@CBSNews,RT @CBSNews: Adult film star Stormy Daniels describes the affair she says she had with Donald Trump in her first television interview about‚Ä¶,61359
0.6249,Mon Mar 26 04:06:53 +0000 2018,@nytimes,"RT @nytimes: Floating between California and Hawaii, the ""Great Pacific Garbage Patch"" is up to 16 times bigger than previously thought and‚Ä¶",61361
0.1531,Mon Mar 26 04:06:50 +0000 2018,@nytimes,"RT @nytimes: Breaking News: Walmart, the largest retailer in the United States, said it will stop selling guns and ammunition to anyone und‚Ä¶",61364
0.6249,Mon Mar 26 04:06:46 +0000 2018,@nytimes,"RT @nytimes: Floating between California and Hawaii, the ""Great Pacific Garbage Patch"" is up to 16 times bigger than previously thought and‚Ä¶",61368
0.3182,Mon Mar 26 04:06:46 +0000 2018,@CBSNews,@CityByTheBayJ @CBSNews I think ESPN is responsible.,61368
-0.2732,Mon Mar 26 04:06:44 +0000 2018,@CBSNews,"RT @CBSNews: Iranian hackers stealing and ""taking credit"" for our work, FBI deputy director says https://t.co/N4k9fZF3yp https://t.co/8nmRe‚Ä¶",61370
-0.624,Mon Mar 26 04:06:37 +0000 2018,@CBSNews,@CBSNews More bullshit from the MSM.,61377
-0.5719,Mon Mar 26 04:06:35 +0000 2018,@CBSNews,@235john @CBSNews It's the left that hate guns,61379
0.3036,Mon Mar 26 04:06:34 +0000 2018,@CBSNews,"RT @CBSNews: In his Palm Sunday address, Pope Francis encourages youth to ""shout"" and not allow older generations to silence them after stu‚Ä¶",61380
0.6705,Mon Mar 26 04:06:23 +0000 2018,@CBSNews,"@jessfedigan @jmyers577 @CBSNews Lol, if you really believe the never trumper they found to put on TV. Be real, he was smart about it",61391
0.0,Mon Mar 26 04:06:23 +0000 2018,@CBSNews,"RT @BettyBowers: Stormy Daniels to @CBSNews: ""I really don't need sixty minutes to talk about something that didn't last one."" #StormyDanie‚Ä¶",61391
-0.4019,Mon Mar 26 04:06:13 +0000 2018,@CBSNews,"RT @CBSNews: A man named ""Mad Mike"" Hughes launched himself in a self-made rocket 1,875 feet above the desert to try and prove his theory t‚Ä¶",61401
0.0,Mon Mar 26 04:05:58 +0000 2018,@BBCWorld,RT @BBCWorld: Egypt election: Voters to elect president https://t.co/2ecHUfhYow,61416
0.4404,Mon Mar 26 04:05:58 +0000 2018,@CBSNews,@JerryDRoth @CBSNews Why? He‚Äôs a good dude.,61416
-0.8934,Mon Mar 26 04:05:56 +0000 2018,@BBCWorld,RT @BBCWorld: Yemen war: Saudis shoot down missiles fired by Houthi rebels https://t.co/syyfKbLzdM,61418
-0.4767,Mon Mar 26 04:05:52 +0000 2018,@BBCWorld,There is no point in putting blocks up to Chinese investment in USA or other encumbrances if you permit other EE na‚Ä¶ https://t.co/g3b27LtJ97,61422
0.0,Mon Mar 26 04:05:52 +0000 2018,@CBSNews,@SIRGOLDIE17 @CBSNews You‚Äôre indeed a lemming,61422
0.4939,Mon Mar 26 04:05:49 +0000 2018,@CBSNews,"RT @CBSNews: ""This was all because of the courage and effort of a handful of 15 and 16 year olds who took the responsibility that so often‚Ä¶",61425
0.0,Mon Mar 26 04:05:47 +0000 2018,@BBCWorld,RT @VisheshDas11: ‡§Ö‡§ó‡§∞ ‡§°‡§∞‡§®‡§æ ‡§π‡•Ä ‡§π‡•à ‡§§‡•ã ‡§Ö‡§™‡§®‡•á ‡§¨‡•Å‡§∞‡•á ‡§ï‡§∞‡•ç‡§Æ‡•ã‡§Ç ‡§∏‡•á ‡§î‡§∞  #‡§°‡§∞‡•ã_‡§≠‡§ó‡§µ‡§æ‡§®_‡§∏‡•á ‡§Ø‡•á ‡§Æ‡•á‡§∞‡•á         #MannKiBaat ‡§∂‡§æ‡§∏‡•ç‡§§‡•ç‡§∞ ‡§µ‡§ø‡§∞‡•Å‡§¶‡•ç‡§ß ‡§∏‡§æ‡§ß‡§®‡§æ ‡§∏‡•á ‡§¶‡•Å‡§ñ ‡§ï‡§≠‡•Ä ‡§¶‡•Ç‡§∞‚Ä¶,61427
-0.4939,Mon Mar 26 04:05:37 +0000 2018,@CBSNews,RT @DanielEllsberg: I'm showing my age in this video--as is the nuclear era. But this piece by @CBSNews on the dangers of the last half cen‚Ä¶,61437
-0.4215,Mon Mar 26 04:05:29 +0000 2018,@CBSNews,"RT @CBSNews: Stephen Curry injury: Warriors star out at least 3 weeks, could return for NBA playoffs https://t.co/clkHWj0Lco https://t.co/N‚Ä¶",61445
-0.4215,Mon Mar 26 04:05:29 +0000 2018,@CBSNews,"RT @CBSNews: Stephen Curry injury: Warriors star out at least 3 weeks, could return for NBA playoffs https://t.co/clkHWj0Lco https://t.co/N‚Ä¶",61445
0.0,Mon Mar 26 04:05:24 +0000 2018,@BBCWorld,@BBCWorld https://t.co/krUQIAOo86,61450
-0.8934,Mon Mar 26 04:05:21 +0000 2018,@BBCWorld,RT @BBCWorld: Yemen war: Saudis shoot down missiles fired by Houthi rebels https://t.co/syyfKbLzdM,61453
0.4576,Mon Mar 26 04:05:14 +0000 2018,@BBCWorld,"Just saw @TheMahiraKhan Interview on @BBCWorld
she defended her country on each stage in quite smart way... Even th‚Ä¶ https://t.co/ptOR06pIuv",61460
0.3612,Mon Mar 26 04:05:14 +0000 2018,@CBSNews,"@zabzab102010 @Lee_in_Iowa @TheOtherUser1 @CBSNews Sounds like you need to get a job if you're still ""hunting"" bear‚Ä¶ https://t.co/2Uhy8jxI7e",61460
0.0,Mon Mar 26 04:05:11 +0000 2018,@CBSNews,@CBSNews That dude bugs me more than Stormy Daniels.,61463
0.0,Mon Mar 26 04:05:10 +0000 2018,@BBCWorld,@BBCWorld I think the time is ripe for world powers to remove that satanic mullahs' regime in Iran militarily. It w‚Ä¶ https://t.co/9iwtlt9Tuo,61464
0.25,Mon Mar 26 04:05:10 +0000 2018,@CBSNews,"RT @universe8282: Trumps like to cheat on wives who just gave birth, with women who look like daughter/sister @IvankaTrump and GOP are tote‚Ä¶",61464
0.0,Mon Mar 26 04:05:09 +0000 2018,@CBSNews,@CBSNews Look me up dam you,61465
-0.8934,Mon Mar 26 04:05:07 +0000 2018,@BBCWorld,RT @BBCWorld: Yemen war: Saudis shoot down missiles fired by Houthi rebels https://t.co/syyfKbLzdM,61467
0.7579,Mon Mar 26 04:05:07 +0000 2018,@BBCWorld,@BBCWorld I‚Äôll bet Trump would win if he were running for president of Egypt because he‚Äôs a smart person and does t‚Ä¶ https://t.co/nUhxtIZJ3C,61467
-0.296,Mon Mar 26 04:05:00 +0000 2018,@CBSNews,RT @CBSNews: Search continues for missing aspiring model in California https://t.co/DjWkWUGdiX https://t.co/gBOmjtCMsH,61474
0.25,Mon Mar 26 04:04:56 +0000 2018,@CBSNews,"Trumps like to cheat on wives who just gave birth, with women who look like daughter/sister @IvankaTrump and GOP ar‚Ä¶ https://t.co/aJ33GjoDUa",61478
-0.3818,Mon Mar 26 04:04:51 +0000 2018,@CBSNews,"RT @CBSNews: ‚ÄúSince the time that I came¬†out here, it has been 6 minutes and 20 seconds,‚Äù @Emma4Change says, breaking her silence.¬†""Fight f‚Ä¶",61483
0.34,Mon Mar 26 04:04:47 +0000 2018,@CBSNews,"üÜò Life with Apple üÜò

a simple update- turns over a Billion iphones into Parts only value- and nobody knows

i can s‚Ä¶ https://t.co/feSKc4MIJr",61487
-0.4019,Mon Mar 26 04:04:37 +0000 2018,@BBCWorld,"RT @AzeemFaridi4: @myogiadityanath Is this a #democracy
or #Ramrajya? 

Did,Gandhi ji dreamed
a such of nation

Where to lose there 
jobs,m‚Ä¶",61497
-0.4019,Mon Mar 26 04:04:36 +0000 2018,@CBSNews,"RT @CBSNews: A man named ""Mad Mike"" Hughes launched himself in a self-made rocket 1,875 feet above the desert to try and prove his theory t‚Ä¶",61498
-0.4019,Mon Mar 26 04:04:34 +0000 2018,@CBSNews,"RT @CBSNews: A man named ""Mad Mike"" Hughes launched himself in a self-made rocket 1,875 feet above the desert to try and prove his theory t‚Ä¶",61500
0.0,Mon Mar 26 04:04:34 +0000 2018,@CBSNews,@CBSNews Call,61500
0.3111,Mon Mar 26 04:02:54 +0000 2018,@BBCWorld,"RT @Swalehinkc: Naked #humanity!! 
Naked #democracy!! in #Bangladesh
by #fascist #AwamiLeague backed #BDPolice 

#SaveBangladesh 
#RestoreD‚Ä¶",61600
-0.8779,Mon Mar 26 04:02:52 +0000 2018,@BBCWorld,"@BBCWorld Well then again I shall say: Live by the gun, die by the gun. Create your own hell on wheels.",61602
0.0,Mon Mar 26 04:02:49 +0000 2018,@BBCWorld,@BBCWorld Obvious Gen Sisi will win.. Military style. COMMON TO ALL DICTATORIAL REGIMES.,61605
0.0,Mon Mar 26 04:02:47 +0000 2018,@BBCWorld,RT @VisheshDas11: ‡§Ö‡§ó‡§∞ ‡§°‡§∞‡§®‡§æ ‡§π‡•Ä ‡§π‡•à ‡§§‡•ã ‡§Ö‡§™‡§®‡•á ‡§¨‡•Å‡§∞‡•á ‡§ï‡§∞‡•ç‡§Æ‡•ã‡§Ç ‡§∏‡•á ‡§î‡§∞  #‡§°‡§∞‡•ã_‡§≠‡§ó‡§µ‡§æ‡§®_‡§∏‡•á ‡§Ø‡•á ‡§Æ‡•á‡§∞‡•á         #MannKiBaat ‡§∂‡§æ‡§∏‡•ç‡§§‡•ç‡§∞ ‡§µ‡§ø‡§∞‡•Å‡§¶‡•ç‡§ß ‡§∏‡§æ‡§ß‡§®‡§æ ‡§∏‡•á ‡§¶‡•Å‡§ñ ‡§ï‡§≠‡•Ä ‡§¶‡•Ç‡§∞‚Ä¶,61607
0.0,Mon Mar 26 04:02:47 +0000 2018,@BBCWorld,RT @VisheshDas11: ‡§Ö‡§ó‡§∞ ‡§°‡§∞‡§®‡§æ ‡§π‡•Ä ‡§π‡•à ‡§§‡•ã ‡§Ö‡§™‡§®‡•á ‡§¨‡•Å‡§∞‡•á ‡§ï‡§∞‡•ç‡§Æ‡•ã‡§Ç ‡§∏‡•á ‡§î‡§∞  #‡§°‡§∞‡•ã_‡§≠‡§ó‡§µ‡§æ‡§®_‡§∏‡•á ‡§Ø‡•á ‡§Æ‡•á‡§∞‡•á         #MannKiBaat ‡§∂‡§æ‡§∏‡•ç‡§§‡•ç‡§∞ ‡§µ‡§ø‡§∞‡•Å‡§¶‡•ç‡§ß ‡§∏‡§æ‡§ß‡§®‡§æ ‡§∏‡•á ‡§¶‡•Å‡§ñ ‡§ï‡§≠‡•Ä ‡§¶‡•Ç‡§∞‚Ä¶,61607
0.0,Mon Mar 26 04:02:34 +0000 2018,@BBCWorld,RT @BBCWorld: Egypt election: Voters to elect president https://t.co/2ecHUfhYow,61620
0.0,Mon Mar 26 04:02:29 +0000 2018,@BBCWorld,"RT @akram3986: Up ‡§Æ‡•á‡§Ç ‡§∏‡•à‡§ï‡§°‡§º‡•ã‡§Ç #‡§∂‡§ø‡§ï‡•ç‡§∑‡§æ‡§Æ‡§ø‡§§‡•ç‡§∞‡•ã‡§Ç ‡§ï‡•Ä ‡§Æ‡•å‡§§ ‡§™‡§∞ ‡§ö‡§∞‡•ç‡§ö‡§æ ‡§π‡•ã‡§®‡•Ä ‡§π‡•Ä ‡§ö‡§æ‡§π‡§ø‡§è 
@AmitShah @Aajtaknews_ 
@aajtak @abpnewshindi 
@BBCHindi
@ANI @‚Ä¶",61625
0.0,Mon Mar 26 04:02:08 +0000 2018,@BBCWorld,RT @RajeshV13212416: #RamNavami ‡§Ö‡§µ‡§∂‡•ç‡§Ø ‡§ú‡§®‡§ø‡§Ø ‡§∏‡§ö‡•ç‡§ö‡§æ‡§à ‡§ï‡•Ä ‡§∞‡§æ‡§Æ‡§ö‡§Ç‡§¶‡•ç‡§∞ ‡§ú‡•Ä ‡§§‡•ã ‡§§‡•ç‡§∞‡•á‡§§‡§æ‡§Ø‡•Å‡§ó ‡§Æ‡•á‡§Ç ‡§π‡•Å‡§è ‡§î‡§∞ ‡§¶‡•ç‡§µ‡§æ‡§™‡§∞ ‡§Ø‡•Å‡§ó ‡§Æ‡•á‡§Ç ‡§∂‡•ç‡§∞‡•Ä ‡§ï‡•É‡§∑‡•ç‡§£ ‡§ú‡•Ä ‡§§‡•ã ‡§∏‡§§‡§Ø‡•Å‡§ó ‡§ï‡•á ‡§™‡•ç‡§∞‡§æ‡§£‡•Ä ‡§ï‡§ø‚Ä¶,61646
0.0,Mon Mar 26 04:01:30 +0000 2018,@BBCWorld,"RT @AshokDa32277958: #TimesFoodAwards
‡§Æ‡•Ä‡§°‡§ø‡§Ø‡§æ ‡§ï‡•ã ‡§¶‡•á‡§∂ ‡§µ ‡§∏‡§Æ‡§æ‡§ú ‡§ï‡§æ ‡§Ü‡§à‡§®‡§æ ‡§ï‡§π‡§æ ‡§ú‡§æ‡§§‡§æ ‡§π‡•à ‡§≤‡•á‡§ï‡§ø‡§® ‡§Æ‡•Ä‡§°‡§ø‡§Ø‡§æ ‡§Ü‡§ú ‡§á‡§§‡§®‡§æ ‡§≠‡•ç‡§∞‡§∑‡•ç‡§ü ‡§π‡•ã ‡§ó‡§Ø‡§æ ‡§π‡•à ‡§ï‡§ø ‡§è‡§ï ‡§™‡§∞‡§∏‡•á‡§Ç‡§ü ‡§≠‡•Ä ‡§µ‡§ø‡§∂‡•ç‡§µ‡§æ‚Ä¶",61684
0.0,Mon Mar 26 04:01:18 +0000 2018,@BBCWorld,RT @BBCWorld: Egypt election: Voters to elect president https://t.co/2ecHUfhYow,61696
0.0,Mon Mar 26 04:00:46 +0000 2018,@BBCWorld,RT @BBCWorld: #MeToo movement takes hold in South Korea https://t.co/WGmYOjDHuc,61728
-0.3182,Mon Mar 26 04:00:19 +0000 2018,@BBCWorld,"See Donald, @realDonaldTrump China has grown by dumping products and resources into western markets and uses ‚Äúdemoc‚Ä¶ https://t.co/9nNUZROTxP",61755
0.0,Mon Mar 26 04:00:16 +0000 2018,@BBCWorld,"Wind of Change!
@UKenyatta @RailaOdinga @dkmaraga @SpeakerJBMuturi @MusaliaMudavadi @skmusyoka @Wetangulam‚Ä¶ https://t.co/w9GGMk9RWm",61758
0.0,Mon Mar 26 04:00:13 +0000 2018,@BBCWorld,"RT @Sanjana4500: #MondayMotivation
#‡§°‡§∞‡•ã_‡§≠‡§ó‡§µ‡§æ‡§®_‡§∏‡•á
‡§Ü‡§ú‡§æ ‡§¨‡§Ç‡§¶‡•á ‡§∂‡§∞‡§£ ‡§∞‡§æ‡§Æ ‡§ï‡•Ä ‡§´‡§ø‡§∞ ‡§™‡•Ä‡§õ‡•á ‡§™‡§õ‡§§‡§æ‡§Ø‡•á‡§ó‡§æ‡•§
 ‡§ï‡§æ‡§≤ ‡§¨‡§≤‡•Ä ‡§§‡•á‡§∞‡§æ ‡§≤‡•á‡§ñ‡§æ ‡§≤‡•á‡§ó‡§æ ‡§µ‡§π‡§æ‡§Ç ‡§ï‡•ç‡§Ø‡§æ ‡§¨‡§æ‡§§ ‡§¨‡§®‡§æ‡§è‡§ó‡§æ ‡•§
‡§≤‡§æ‡§≤‚Ä¶",61761
0.0,Mon Mar 26 04:00:13 +0000 2018,@BBCWorld,RT @BBCWorld: Egypt election: Voters to elect president https://t.co/2ecHUfhYow,61761
